threshold,accuracy,precision,recall,f1
0.1,0.954110276015683,0.7000752634219769,0.8313719648443318,0.7600953353762343
0.11,0.9559469070352086,0.7153756627440838,0.8240726947713392,0.7658867506576215
0.12,0.9573797397454769,0.7285771223595058,0.8169223893937136,0.7702247191011236
0.13,0.9588516497114796,0.7424945414847162,0.8105169074929242,0.7750160244996795
0.1399999999999999,0.9599327871201364,0.7533082602033709,0.8056010725458066,0.7785775986179095
0.1499999999999999,0.9608706412577666,0.763236337828247,0.8009831669894235,0.7816543102195086
0.1599999999999999,0.961717315132016,0.7721372944909143,0.797556978995978,0.7846413131091082
0.1699999999999999,0.9624467572390616,0.7808741566441771,0.793088038134962,0.7869337077821299
0.1799999999999999,0.9630068645712574,0.7876987074728866,0.7898108148368836,0.7887533472180899
0.1899999999999999,0.96371025517448,0.7961985216473073,0.786235662148071,0.7911857292759706
0.1999999999999999,0.9642964140104988,0.8045078196872125,0.7816177565916878,0.7928976199471099
0.2099999999999999,0.964674160815933,0.8103956555469356,0.778042603902875,0.7938896488828089
0.2199999999999999,0.9650128303656328,0.8159422563941628,0.7746164159094294,0.7947424728717714
0.2299999999999999,0.9653514999153326,0.8216156165687986,0.7711902279159839,0.7956047333640694
0.2399999999999999,0.9659506845032628,0.8289199165463007,0.7694026515715775,0.798053152039555
0.2499999999999999,0.9663284313086972,0.8349561830574489,0.7664233576642335,0.7992233009708738
0.2599999999999999,0.9666801266103086,0.8413011335633317,0.7628482049754208,0.80015625
0.2699999999999999,0.9668885386408932,0.8451100446797948,0.7607626992402801,0.8007212292254625
0.2799999999999999,0.967305362702062,0.8513626483865574,0.7585282288097721,0.8022687884039704
0.2899999999999999,0.9676570580036732,0.857384251436296,0.7558468642931625,0.8034201567571847
0.2999999999999999,0.9679045472899924,0.8624808053233237,0.7530165350811857,0.8040400827103547
0.3099999999999999,0.9681390108243998,0.8668959587274291,0.7509310293460449,0.804757343550447
0.3199999999999999,0.968243216839692,0.8702580980426121,0.7483986295248026,0.8047413102674996
0.3299999999999998,0.9682953198473382,0.8735812816483325,0.7452703709220915,0.8043408360128618
0.3399999999999998,0.9685428091336572,0.8779458318677453,0.7436317592730523,0.8052262279216066
0.3499999999999998,0.9688424014276223,0.8827280779450841,0.7422910770147475,0.8064411717106328
0.3599999999999999,0.9691550194734992,0.8871858848690073,0.7415462535379115,0.8078545926647193
0.3699999999999999,0.9694155345117296,0.8924653839237547,0.7393117831074035,0.8087013198631253
0.3799999999999999,0.9696239465423142,0.8966141589715734,0.7376731714583644,0.8094148414514547
0.3899999999999999,0.9698193328209872,0.9003642987249545,0.7363324892000596,0.8101286568876506
0.3999999999999998,0.9699105130843678,0.9034267912772586,0.734395948160286,0.8101889893179951
0.4099999999999998,0.969962616092014,0.9061751152073731,0.7323104424251452,0.8100181248970176
0.4199999999999998,0.970066822107306,0.909023531591625,0.7308207954714733,0.8102394715111478
0.4299999999999998,0.970236156882156,0.9118303571428572,0.7302249366900044,0.8109851931507982
0.4399999999999998,0.9702491826340676,0.91384787890114,0.7284373603455981,0.8106763925729443
0.4499999999999998,0.9703012856417136,0.9162441314553992,0.7267987486965589,0.8105997674032231
0.4599999999999998,0.9704185174089174,0.9192147980369952,0.7254580664382542,0.8109233202897345
0.4699999999999998,0.970457594664652,0.9214868196472596,0.7238194547892149,0.8107792424495245
0.4799999999999997,0.9704966719203866,0.9234577303884236,0.7224787725309102,0.8106978687839532
0.4899999999999997,0.9705748264318558,0.9261385380788366,0.7209891255772382,0.810788173213837
0.4999999999999998,0.9707181097028826,0.9294095018272744,0.7197974080143006,0.8112827400940228
0.5099999999999998,0.970900470229644,0.9322524609148812,0.7194994786235662,0.8121742054817556
0.5199999999999998,0.9710046762449362,0.9345341855510362,0.7187546551467302,0.8125631525766251
0.5299999999999998,0.9710567792525824,0.9364431486880468,0.7177119022791598,0.8126159554730983
0.5399999999999998,0.9711609852678746,0.9385845193994932,0.7171160434976911,0.8130383381185611
0.5499999999999998,0.9711088822602284,0.939909962810726,0.7153284671532847,0.8123836914227711
0.5599999999999997,0.9712000625236092,0.9425874950845458,0.7141367495903471,0.8126112382405288
0.5699999999999997,0.9713172942908128,0.9449595580982444,0.7135408908088783,0.8131047360380241
0.5799999999999997,0.9713042685389014,0.9458283906682484,0.7126471026366751,0.8128451278565967
0.5899999999999997,0.9714084745541935,0.9483922191345772,0.7117533144644719,0.8132073866053953
0.5999999999999998,0.9714345260580168,0.950199203187251,0.7105615969015343,0.8130912810023012
0.6099999999999998,0.9714605775618398,0.9514776357827476,0.7098167734246984,0.8130705571196997
0.6199999999999998,0.9714605775618398,0.9523809523809524,0.7090719499478624,0.812910938433951
0.6299999999999997,0.971512680569486,0.954417670682731,0.708029197080292,0.8129650218079193
0.6399999999999997,0.971590835080955,0.9570391286809196,0.7068374795173544,0.813126552994602
0.6499999999999997,0.9716559638405128,0.959117587532888,0.7059436913451512,0.8132829929637893
0.6599999999999997,0.9717210926000704,0.9606490872210952,0.7054967972590496,0.8135360302327579
0.6699999999999997,0.9717210926000704,0.9615853658536584,0.7047519737822137,0.8133757414252557
0.6799999999999997,0.9716950410962472,0.9626987362413372,0.703560256219276,0.8129787417161546
0.6899999999999997,0.9717080668481588,0.9638406537282942,0.7028154327424401,0.8128876636802206
0.6999999999999996,0.9716429380886012,0.9643734643734644,0.7016237151795025,0.8122790376821591
0.7099999999999996,0.9716950410962472,0.9663105998356616,0.7007299270072993,0.8123650807356878
0.7199999999999996,0.9716429380886012,0.9670510708401976,0.6995382094443617,0.8118247039502118
0.7299999999999996,0.971616886584778,0.9681949607600164,0.6983464918814241,0.8114236261358719
0.7399999999999997,0.971616886584778,0.9691639072847682,0.6976016684045881,0.8112602858380251
0.7499999999999997,0.9717080668481588,0.9715472481827622,0.6968568449277521,0.8115891741845941
0.7599999999999997,0.9716820153443356,0.9725171767645222,0.6958140920601817,0.8112191733240709
0.7699999999999997,0.9717210926000704,0.974310776942356,0.6949203038879785,0.8112338057560212
0.7799999999999997,0.9717731956077164,0.9759212730318256,0.6943244451065097,0.8113848028549047
0.7899999999999996,0.9717471441038934,0.976510067114094,0.6935796216296738,0.8110791742879541
0.7999999999999996,0.9717601698558048,0.9781190826846202,0.6925368687621034,0.810919239490668
0.8099999999999996,0.9717731956077164,0.9797382861967074,0.691494115894533,0.8107588856868396
0.8199999999999996,0.9718252986153626,0.9819915254237288,0.6904513630269626,0.8108108108108109
0.8299999999999996,0.9718122728634512,0.9826013155102908,0.6898555042454938,0.8106073866619989
0.8399999999999996,0.971786221359628,0.9836205062752604,0.6888127513779234,0.8102330471350973
0.8499999999999996,0.9717471441038934,0.9842284739982948,0.6879189632057202,0.809820254274441
0.8599999999999995,0.9717992471115396,0.985897435897436,0.6873231044242515,0.809971034845958
0.8699999999999996,0.9717992471115396,0.9867294520547946,0.6867272456427826,0.8098375054896794
0.8799999999999996,0.9718252986153626,0.9873607540702656,0.6865782809474155,0.8099464018979
0.8899999999999996,0.9717992471115396,0.9886119467125054,0.6853865633844779,0.8095363772323392
0.8999999999999996,0.971786221359628,0.9900840698426384,0.6841948458215403,0.8091966173361522
