,count,mean,std,min,25%,50%,75%,max
age,95964.0,41.754816806302365,22.456404304082394,0.08,24.0,43.0,59.0,80.0
hypertension,95964.0,0.07768538201825685,0.26767724984513824,0.0,0.0,0.0,0.0,1.0
heart_disease,95964.0,0.04087991330082114,0.19801301616623626,0.0,0.0,0.0,0.0,1.0
bmi,95964.0,27.32146388228919,6.77413022403109,10.01,23.39,27.32,29.87,95.69
HbA1c_level,95964.0,5.531515985161103,1.0738741763038613,3.5,4.8,5.8,6.2,9.0
blood_glucose_level,95964.0,138.19307240215082,40.93512436842316,80.0,100.0,140.0,159.0,300.0
diabetes,95964.0,0.08743903963986495,0.28247882308061656,0.0,0.0,0.0,0.0,1.0
gender_Female,95964.0,0.5840210912425493,0.4928924708614309,0.0,0.0,1.0,1.0,1.0
gender_Male,95964.0,0.41579133841857363,0.49286045955352964,0.0,0.0,0.0,1.0,1.0
gender_Other,95964.0,0.0001875703388770789,0.013694418954065255,0.0,0.0,0.0,0.0,1.0
smoking_history_No Info,95964.0,0.341617689967071,0.4742545599538299,0.0,0.0,0.0,1.0,1.0
smoking_history_current,95964.0,0.09577549914551291,0.29428465023967726,0.0,0.0,0.0,0.0,1.0
smoking_history_ever,95964.0,0.04166145637947564,0.19981540352461954,0.0,0.0,0.0,0.0,1.0
smoking_history_former,95964.0,0.09681755658371889,0.2957107176722167,0.0,0.0,0.0,0.0,1.0
smoking_history_never,95964.0,0.3578425242799383,0.4793679658453282,0.0,0.0,0.0,1.0,1.0
smoking_history_not current,95964.0,0.06628527364428327,0.2487813921784797,0.0,0.0,0.0,0.0,1.0
