,age,hypertension,heart_disease,bmi,HbA1c_level,blood_glucose_level,diabetes,gender_Female,gender_Male,gender_Other,smoking_history_No Info,smoking_history_current,smoking_history_ever,smoking_history_former,smoking_history_never,smoking_history_not current
age,1.0,0.2578527783421376,0.2391195188035353,0.3452243507618193,0.10594564110478744,0.1138221186626204,0.26400604339976064,0.028523437332462886,-0.02831854349848348,-0.0074407787618797775,-0.29567706518588716,0.033837401094822465,0.06863286628220971,0.22250386330230115,0.06943985434840204,0.07022408644874616
hypertension,0.2578527783421376,1.0,0.11997529584797302,0.1481770969000664,0.08168463654059076,0.08498260581327624,0.19723389065527663,-0.014286190888236605,0.014397570515212567,-0.003975144521540097,-0.11161830656561995,0.015609024483666072,0.021122265420256758,0.0809937884222676,0.042577710252172565,-0.0009634204920557519
heart_disease,0.2391195188035353,0.11997529584797302,1.0,0.0613784574040142,0.0683762152147019,0.07098522200380565,0.17213831377691613,-0.07848838479578363,0.07857205337683427,-0.0028277519173453896,-0.04806683074404017,0.005950084023728917,0.039390822914819906,0.09364263292108181,-0.03379285933177413,0.006761302075734874
bmi,0.3452243507618193,0.1481770969000664,0.0613784574040142,1.0,0.084452360407668,0.09257318346964584,0.2160021315014126,0.023505091514637862,-0.023509875590084203,0.00011723410146665017,-0.22963969763215425,0.053953621818333956,0.044397694778865016,0.11185984399788002,0.08827656832312396,0.0352256811161735
HbA1c_level,0.10594564110478744,0.08168463654059076,0.0683762152147019,0.084452360407668,1.0,0.17138049913766631,0.4070877592950177,-0.020075608688630037,0.020121552729716892,-0.0016065927869358483,-0.044736150620735306,0.005807974955797667,0.008930862511288303,0.03710371053152557,0.00908789107262222,0.009623681674219644
blood_glucose_level,0.1138221186626204,0.08498260581327624,0.07098522200380565,0.09257318346964584,0.17138049913766631,1.0,0.42569020684111386,-0.017895667424372305,0.017885195588400363,0.0004187120044185996,-0.05021030382605767,0.011977648859781555,0.0057777352968083565,0.04055874388290915,0.010827413494427332,0.007834896212428383
diabetes,0.26400604339976064,0.19723389065527663,0.17213831377691613,0.2160021315014126,0.4070877592950177,0.42569020684111386,1.0,-0.03828437419097191,0.038404665890557466,-0.004239792111151096,-0.11461805919589198,0.017718693296111147,0.022601078127619998,0.09650767743312713,0.023497939798619374,0.01939550229821063
gender_Female,0.028523437332462886,-0.014286190888236605,-0.07848838479578363,0.023505091514637862,-0.020075608688630037,-0.017895667424372305,-0.03828437419097191,1.0,-0.9996140076568821,-0.016229361192174118,-0.055588659655927075,-0.025772324434298,-0.010466054648352898,-0.04912721428780299,0.0990443648178999,0.0124109034621684
gender_Male,-0.02831854349848348,0.014397570515212567,0.07857205337683427,-0.023509875590084203,0.020121552729716892,0.017885195588400363,0.038404665890557466,-0.9996140076568821,1.0,-0.011555175314146807,0.055598918156618146,0.02589785847601135,0.010440270988592027,0.04925500903923589,-0.0988990197802664,-0.012990207007921242
gender_Other,-0.0074407787618797775,-0.003975144521540097,-0.0028277519173453896,0.00011723410146665017,-0.0016065927869358483,0.0004187120044185996,-0.004239792111151096,-0.016229361192174118,-0.011555175314146807,1.0,-0.00023926124033979591,-0.0044577108295118,0.0009524156183983231,-0.004484480410804525,-0.005462470656851932,0.020820052569226904
smoking_history_No Info,-0.29567706518588716,-0.11161830656561995,-0.04806683074404017,-0.22963969763215425,-0.044736150620735306,-0.05021030382605767,-0.11461805919589198,-0.055588659655927075,0.055598918156618146,-0.00023926124033979591,1.0,-0.2344337723082884,-0.15018924885563337,-0.23584160116161557,-0.5377201388704103,-0.1919254297181172
smoking_history_current,0.033837401094822465,0.015609024483666072,0.005950084023728917,0.053953621818333956,0.005807974955797667,0.011977648859781555,0.017718693296111147,-0.025772324434298,0.02589785847601135,-0.0044577108295118,-0.2344337723082884,1.0,-0.06785733867837687,-0.10655611853986767,-0.2429485323053123,-0.0867142554118105
smoking_history_ever,0.06863286628220971,0.021122265420256758,0.039390822914819906,0.044397694778865016,0.008930862511288303,0.0057777352968083565,0.022601078127619998,-0.010466054648352898,0.010440270988592027,0.0009524156183983231,-0.15018924885563337,-0.06785733867837687,1.0,-0.06826483764220383,-0.1556442027027176,-0.05555321128497297
smoking_history_former,0.22250386330230115,0.0809937884222676,0.09364263292108181,0.11185984399788002,0.03710371053152557,0.04055874388290915,0.09650767743312713,-0.04912721428780299,0.04925500903923589,-0.004484480410804525,-0.23584160116161557,-0.10655611853986767,-0.06826483764220383,1.0,-0.24440749425556887,-0.08723499450823796
smoking_history_never,0.06943985434840204,0.042577710252172565,-0.03379285933177413,0.08827656832312396,0.00908789107262222,0.010827413494427332,0.023497939798619374,0.0990443648178999,-0.0988990197802664,-0.005462470656851932,-0.5377201388704103,-0.2429485323053123,-0.1556442027027176,-0.24440749425556887,1.0,-0.19889626397670304
smoking_history_not current,0.07022408644874616,-0.0009634204920557519,0.006761302075734874,0.0352256811161735,0.009623681674219644,0.007834896212428383,0.01939550229821063,0.0124109034621684,-0.012990207007921242,0.020820052569226904,-0.1919254297181172,-0.0867142554118105,-0.05555321128497297,-0.08723499450823796,-0.19889626397670304,1.0
