Feature,Variance,Selected,Mutual Information,Importance,VIF,Recommendation
age,502.13329798094117,True,0.04270357973883909,0.10587478292020713,5.123318341674786,KEEP
hypertension,0.07123314406493321,True,0.013158360106970024,0.014315125048846635,,KEEP
heart_disease,0.03876177870838351,True,0.009232591172354532,0.01038041529773555,,KEEP
bmi,45.74208228643506,True,0.02551977078523704,0.12475831967354555,15.152994260735788,KEEP
HbA1c_level,1.1552744332416358,True,0.1351837170218646,0.3976399893362276,16.575984282844786,KEEP
blood_glucose_level,1676.3697185986427,True,0.11545191284855227,0.32483741130876,11.493986596666634,KEEP
gender_Female,0.2427826679830328,True,0.0123105902224514,0.002265823977305132,,KEEP
gender_Male,0.24274720508925238,True,0.008016352608098076,0.0023429284200976288,,KEEP
gender_Other,0.00020837130920295233,False,0.0,9.044413378231385e-07,,KEEP
smoking_history_No Info,0.2248464095110406,True,0.012044310590508145,0.004097953526588124,,KEEP
smoking_history_current,0.08663757948565524,True,0.0,0.0024475634402058746,,KEEP
smoking_history_ever,0.04039897913736222,True,0.0,0.0019797466275920435,,KEEP
smoking_history_former,0.08706901200309719,True,0.00385250795408143,0.003642633091021309,,KEEP
smoking_history_never,0.22985002381360944,True,0.005491981679020874,0.0032110224632516562,,KEEP
smoking_history_not current,0.06183825271460988,True,1.4152534957290186e-05,0.002205380427277846,,KEEP
