Feature,Importance
HbA1c_level,0.3976399893362276
blood_glucose_level,0.32483741130876
bmi,0.12475831967354555
age,0.10587478292020713
hypertension,0.014315125048846635
heart_disease,0.01038041529773555
smoking_history_No Info,0.004097953526588124
smoking_history_former,0.003642633091021309
smoking_history_never,0.0032110224632516562
smoking_history_current,0.0024475634402058746
gender_Male,0.0023429284200976288
gender_Female,0.002265823977305132
smoking_history_not current,0.002205380427277846
smoking_history_ever,0.0019797466275920435
gender_Other,9.044413378231385e-07
