number,value,datetime_start,datetime_complete,duration,params_activation,params_alpha,params_batch_size,params_hidden_layer_sizes,params_learning_rate_init,params_max_iter,state
0,0.9784274723579808,2026-09-20 10:23:06.545193,2026-09-20 10:23:17.402766,0 days 00:00:10.857573,relu,0.003967605077052989,128,"(128,)",0.006358358856676255,406,COMPLETE
1,0.9646118189604811,2026-09-20 10:23:17.403796,2026-09-20 10:27:05.916247,0 days 00:03:48.512451,tanh,2.621087878265438e-05,128,"(128, 64)",0.0007523742884534858,557,COMPLETE
2,0.9780941146146318,2026-09-20 10:27:05.917630,2026-09-20 10:27:53.610334,0 days 00:00:47.692704,tanh,0.002661901888489057,64,"(64, 32)",0.0008200518402245837,548,COMPLETE
3,0.9730061132050312,2026-09-20 10:27:53.611458,2026-09-20 10:28:08.832339,0 days 00:00:15.220881,tanh,3.585612610345396e-05,64,"(128,)",0.08105016126411585,761,COMPLETE
4,0.9620761503251997,2026-09-20 10:28:08.833379,2026-09-20 10:39:47.015429,0 days 00:11:38.182050,tanh,0.00011756010900231849,128,"(256, 128)",0.0006963114377829289,794,COMPLETE
5,0.9646188545200369,2026-09-20 10:39:47.016300,2026-09-20 10:43:00.810453,0 days 00:03:13.794153,tanh,1.667761543019792e-05,64,"(128, 64)",0.0011895896737553553,331,COMPLETE
6,0.9780534338937095,2026-09-20 10:43:00.811228,2026-09-20 10:43:46.900138,0 days 00:00:46.088910,relu,0.0013795402040204172,64,"(256, 128)",0.019158219548093176,514,COMPLETE
7,0.9627627459908851,2026-09-20 10:43:46.900981,2026-09-20 10:48:44.014168,0 days 00:04:57.113187,tanh,5.59598687800608e-05,32,"(128, 64)",0.001702741688676441,380,COMPLETE
8,0.9759778155193901,2026-09-20 10:48:44.014950,2026-09-20 10:48:58.929592,0 days 00:00:14.914642,tanh,0.0004149795789891589,32,"(64,)",0.026443593078398657,513,COMPLETE
9,0.9778407410106865,2026-09-20 10:48:58.930357,2026-09-20 10:49:05.207090,0 days 00:00:06.276733,relu,0.00010300196600986775,128,"(128,)",0.067410742656407,786,COMPLETE
10,0.977847093229945,2026-09-20 10:49:05.207824,2026-09-20 10:49:25.815773,0 days 00:00:20.607949,relu,0.008102356207766642,256,"(128,)",0.00011321021804230406,667,COMPLETE
11,0.9765803153361139,2026-09-20 10:49:25.816623,2026-09-20 10:49:42.036976,0 days 00:00:16.220353,relu,0.004993961824486359,256,"(64, 32)",0.004622592031949333,416,COMPLETE
12,0.9782276731017785,2026-09-20 10:49:42.037786,2026-09-20 10:50:14.052741,0 days 00:00:32.014955,relu,0.0021672890026500284,64,"(64, 32)",0.0001260162558220926,603,COMPLETE
13,0.9780967111183868,2026-09-20 10:50:14.053593,2026-09-20 10:50:40.393711,0 days 00:00:26.340118,relu,0.0008491657112124061,128,"(64, 32)",0.00011054891350008727,639,COMPLETE
14,0.978122848156255,2026-09-20 10:50:40.394765,2026-09-20 10:50:53.751621,0 days 00:00:13.356856,relu,0.000355634629244513,64,"(64,)",0.004565594045445842,450,COMPLETE
