Model,Experiment,accuracy,precision,recall,f1,roc_auc,pr_auc
XGBoost Tuned,Tuned,0.9716042307091128,0.9756507136859782,0.6924910607866508,0.8100383408853259,0.977752935760494,0.8855297615440582
CatBoost Tuned,Tuned,0.9716042307091128,0.9772535804549284,0.6912991656734208,0.8097731239092496,0.9776877438953228,0.8847710144595652
CatBoost,Baseline,0.971291616735268,0.973927670311186,0.6901072705601907,0.807813044994768,0.977644668268336,0.8843983403688835
XGBoost,Baseline,0.9101234825196688,0.4923626909327266,0.902860548271752,0.637223974763407,0.9771527010561696,0.8831141474703601
XGBoost + SMOTE,SMOTE,0.9705621841296306,0.9602977667493796,0.6918951132300357,0.8042951160374091,0.9767601888658692,0.8802202093571359
CatBoost + SMOTE,SMOTE,0.9710832074193716,0.9714525608732156,0.6895113230035756,0.8065528058556989,0.9765647663827736,0.8812878442432622
MLP Tuned,Tuned,0.9713437190642422,0.9895833333333334,0.6793802145411204,0.8056537102473498,0.9749789130175158,0.8779869080145767
MLP,Baseline,0.9699890585109154,0.9516393442622952,0.6918951132300357,0.8012422360248447,0.9747325721491232,0.8753373812769824
TabNet,TabNet,0.9709828393135724,0.9965095986038396,0.6733490566037735,0.8036593947923997,0.9745069081418096,0.8734187152283823
MLP + SMOTE,SMOTE,0.9487834106184546,0.6881429344883595,0.7574493444576877,0.7211347517730496,0.9689085500356072,0.8559246422562884
