Model,accuracy,precision,recall,f1,roc_auc,pr_auc
CatBoost + SMOTE,0.9709308372334894,0.974937343358396,0.6880896226415094,0.8067749740753543,0.9765303354022697,0.8807226392775854
XGBoost + SMOTE,0.9704628185127405,0.9570502431118314,0.6963443396226415,0.8061433447098976,0.9766887540325966,0.880267536151123
MLP + SMOTE,0.9571502860114405,0.7607655502392344,0.75,0.7553444180522565,0.9700814764737405,0.8617516027553483
CatBoost + SMOTE,0.9709308372334894,0.974937343358396,0.6880896226415094,0.8067749740753543,0.9765303354022697,0.8807226392775854
XGBoost + SMOTE,0.9704628185127405,0.9570502431118314,0.6963443396226415,0.8061433447098976,0.9766887540325966,0.880267536151123
MLP + SMOTE,0.9571502860114405,0.7607655502392344,0.75,0.7553444180522565,0.9700814764737405,0.8617516027553483
CatBoost + SMOTE,0.9710832074193716,0.9714525608732157,0.6895113230035756,0.8065528058556989,0.9765647663827736,0.8812878442432622
XGBoost + SMOTE,0.9705621841296306,0.9602977667493796,0.6918951132300357,0.8042951160374091,0.9767601888658691,0.8802202093571359
MLP + SMOTE,0.9487834106184546,0.6881429344883595,0.7574493444576877,0.7211347517730496,0.9689085500356072,0.8559246422562884
CatBoost + SMOTE,0.9710832074193716,0.9714525608732157,0.6895113230035756,0.8065528058556989,0.9765647663827736,0.8812878442432622
XGBoost + SMOTE,0.9705621841296306,0.9602977667493796,0.6918951132300357,0.8042951160374091,0.9767601888658691,0.8802202093571359
MLP + SMOTE,0.9487834106184546,0.6881429344883595,0.7574493444576877,0.7211347517730496,0.9689085500356072,0.8559246422562884
CatBoost + SMOTE,0.9710832074193716,0.9714525608732157,0.6895113230035756,0.8065528058556989,0.9765647663827736,0.8812878442432622
XGBoost + SMOTE,0.9705621841296306,0.9602977667493796,0.6918951132300357,0.8042951160374091,0.9767601888658691,0.8802202093571359
MLP + SMOTE,0.9487834106184546,0.6881429344883595,0.7574493444576877,0.7211347517730496,0.9689085500356072,0.8559246422562884
